U.S.At.;Razão Social da Unidade de Saúde de Aten;Nome do Profissional;Descrição do CBO Profissional;Data;Código;Usuário;Nome do Usuário;Telefone;Tel.Celular;Tel.Contato;Descrição Motivo da Consulta;Horário;Inclusão;Complemento da Un. de Atendimento;Número da Unidade de Atendimento;Nome do Município da Un. Atendimento;Nome do Bairro Un. Atendimento;Nome do Logradouro da Un. Atendimento

;;;;;;;;;;;;;;;;;;;;;;;;;;;;;;;;;;;;;
2;UBS TREINAMENTO;PROFISSIONAL IDS;Médico clínico;28/04/2025;1;248840;PACIENTE TESTE;;(17)99106-5500;;Consulta;10:00:00;25/04/2025 11:41:19;;SN;BEBEDOURO;Centro;Adolfo Pinto
2;UBS TREINAMENTO;PROFISSIONAL IDS;Médico clínico;29/04/2025;1;272937;PACIENTE TESTE 2;;(17)99106-5500;;Consulta;08:30:00;25/04/2025 11:41:35;;SN;BEBEDOURO;Centro;Adolfo Pinto
2;UBS TREINAMENTO;PROFISSIONAL IDS;Médico clínico;29/04/2025;2;282303;PACIENTE TESTE DENILSON DE FREITAS BARRIOS;;(17)99106-5500;;Consulta;11:00:00;25/04/2025 11:42:22;;SN;BEBEDOURO;Centro;Adolfo Pinto
2;UBS TREINAMENTO;PROFISSIONAL IDS;Médico clínico;30/04/2025;1;282304;PACIENTE TESTE ARIANE;;(17)99106-5500;;Consulta;10:30:00;25/04/2025 11:41:58;;SN;BEBEDOURO;Centro;Adolfo Pinto
2;UBS TREINAMENTO;PROFISSIONAL IDS;Médico clínico;30/04/2025;2;252196;PACIENTE TESTE NATALIA BEBEDOURO;(17)99106-5500;(17)99106-5500;;Consulta;08:00:00;25/04/2025 11:42:44;;SN;BEBEDOURO;Centro;Adolfo Pinto
